priority,subsystem,part_group,item,qty,reference_spec_or_target,sourcing_strategy,candidate_source,source_url,status,key_questions,notes
1,Powertrain,Traction drive,Traction motor,1,"400V-class, 60 kW continuous minimum, 90 kW peak reference","Use Bosch SMG180 OHW as reference spec only; Bosch direct is Tier 1/B2B, not an individual-builder purchase path","Bosch separate motor-generator OHW","https://www.bosch-mobility.com/en/solutions/powertrain/battery-electric/separate-motor-generator-ohw/",shortlisted,"Which SMG180 variant, inverter, gearbox, CAD, and control docs correspond to an obtainable Fiat 500e salvage unit?","Matches current motor reference in docs/02-powertrain-notes.md, but sourcing must not assume Bosch consumer sales."
2,Powertrain,Traction drive,Motor purchase path,1,"Used/salvaged Fiat 500e Bosch SMG-family motor, preferably with inverter and harness","Search eBay, salvage yards, and EV dismantlers for complete Fiat 500e motor/inverter assemblies","eBay Fiat 500e Bosch SMG180 salvage search","https://www.ebay.com/sch/i.html?_nkw=Fiat+500e+Bosch+SMG180",needs-datasheet,"Can a complete Fiat 500e motor/inverter/harness set be sourced with matching part numbers, resolver interface, coolant fittings, HV connectors, and a known controller path?","This is the only currently tracked individual-builder path; marketplace listings remain unverified until exact part numbers and condition are documented."
3,Powertrain,Traction drive,Integrated motor/inverter alternate,1,"300-430V compatible, compact, documented CAD","Use as high-power alternate if SMG180 sourcing stalls","Cascadia Motion iM-225","https://www.cascadiamotion.com/im-225",alternate,"What is delivered price, lead time, voltage configuration, gearbox strategy, and CAN/control documentation?","Likely overpowered for the first reference truck but well documented."
4,Powertrain,Traction drive,Turnkey powertrain alternate,1,"Motor, inverter, VCU, radiator, pump, HV/LV harness bundle","Ask Hypercraft for a de-rated 400V package compatible with 35-55 kWh pack","Hypercraft EV products","https://hypercraftusa.com/products/",alternate,"Can Hypercraft quote a low-power commercial package without locking battery choice?","Good integration path, but may be expensive and less open."
5,Powertrain,Reduction drive,Reduction gearbox or final drive,1,"Final wheel torque suitable for local utility use; no ICE transmission dependency","For Bosch path, prefer the matched Fiat 500e reduction/final-drive hardware if available; otherwise require documented ratio and shaft/flange interface","Bosch OHW system ecosystem","https://www.bosch-mobility.com/en/solutions/powertrain/battery-electric/separate-motor-generator-ohw/",needs-datasheet,"What Fiat 500e reduction/final-drive parts are needed, and can they be sourced with the motor/inverter package?","Critical before chassis motor placement is frozen."
6,Powertrain,Axle and shafts,Rear differential or transaxle,1,"Kei-truck-scale axle, serviceable bearings, parking-brake compatibility","Use donor kei rear axle for prototype or design custom IRS/live axle around common parts","Honda Acty HA4 steering/brake/suspension diagrams","https://honda-acty.com/parts-diagrams-ha4-honda-acty-1990-1999-models/",discovered,"Which donor axle width, hub pattern, and payload rating best fits the reference track width?","The Acty diagrams expose rear axle, driveshaft, brakes, and parking brake categories."
7,Powertrain,Axle and shafts,Half shafts/CV joints/prop shafts,1 set,"Serviceable joints, boots, and replacement parts","Use donor kei geometry first; avoid one-off shafts until suspension is frozen","Mini4x4 steering and driveline-adjacent parts","https://mini4x4.ca/store/en/steering-c66/",discovered,"Which donor model offers repeatable CV and boot sourcing?","Include boots, clamps, seals, axle nuts, and spares in later BOM."
8,Powertrain,Controls,Accelerator pedal or throttle sensor,1,"Dual-channel pedal preferred; controller-compatible output","Use EV/industrial pedal with known controller compatibility","Curtis Instruments input devices","https://www.curtisinstruments.com/products/input-devices",discovered,"Which pedal output is required by selected VCU/inverter: dual analog, CAN, PWM, or switch?","Treat pedal plausibility and limp behavior as safety requirements."
9,High voltage,Power distribution,HV power distribution unit,1,"400V-class PDU, fused outputs for inverter, charger, DCDC, heater","Use commercial PDU where possible; custom only after schematic review","Eaton EV power distribution unit","https://www.eaton.com/us/en-us/catalog/emobility/power-distribution-unit.html",discovered,"Can a configurable low-volume PDU be purchased with ratings, CAD, and service documentation?","Existing safety architecture already requires contactors, fuse, precharge, HVIL, and isolation monitoring."
10,High voltage,Power distribution,Contactors,2-3,"Pack voltage/current rated, auxiliary contacts preferred","If not integrated in pack/PDU, source sealed EV contactors through EV suppliers","Thunderstruck Motors contactors and switches","https://www.thunderstruck-ev.com/",discovered,"What coil voltage, economizer, aux contacts, and interrupt rating are required?","Main positive, main negative, and charge contactors may differ."
11,High voltage,Power distribution,Precharge circuit,1,"Resistor and contactor/relay sized for inverter DC-link capacitance","Use PDU-integrated precharge or documented EV supplier kit","Thunderstruck Motors contactors and switches","https://www.thunderstruck-ev.com/",discovered,"What precharge target time and final voltage delta does the inverter require?","Do not hand-wave this; it affects contactor life and startup faults."
12,High voltage,Power distribution,HV fuses,as needed,"DC-rated, fault-current compatible, serviceable","Use EV-rated fuses matched to pack fault current and wire size","Thunderstruck Motors fuses and disconnects","https://www.thunderstruck-ev.com/",discovered,"What interrupt rating is required for the final pack and PDU layout?","Fuse choice depends on pack fault-current data from the battery supplier."
13,High voltage,Service safety,Manual service disconnect,1,"Accessible, touch-safe, HVIL-capable if possible","Prefer pack-integrated MSD; otherwise source EV disconnect hardware","Thunderstruck Motors fuses and disconnects","https://www.thunderstruck-ev.com/",discovered,"Does the selected pack include an MSD and where is it accessible in a kei bed/cab layout?","Must be documented in service procedure."
14,High voltage,Service safety,HVIL loop,1 system,"All service covers/connectors interrupt enable path","Use pack/PDU/inverter supported HVIL when available","Open Kei Truck HV safety architecture","../safety/hv-safety-architecture.md",shortlisted,"Which components expose HVIL pins and what is the fail-safe state?","Internal repo reference; validate with supplier pinouts."
15,High voltage,Service safety,Isolation monitoring device,1,"400V-class IMD or pack/PDU-integrated equivalent","Prefer integrated pack/PDU IMD; otherwise source standalone automotive IMD","Eaton EV power distribution unit","https://www.eaton.com/us/en-us/catalog/emobility/power-distribution-unit.html",discovered,"Is isolation monitoring included, and what CAN/fault behavior is exposed?","Required for safe HV operation and diagnostics."
16,High voltage,Wiring,HV cable and conduit,as needed,"Orange jacket, voltage/current/temperature rated, abrasion protected","Use EV conversion suppliers for small quantities; industrial cable only with proper rating","Thunderstruck Motors connectors and wiring","https://www.thunderstruck-ev.com/",discovered,"What cable gauge is required for 60 kW continuous and 120 kW peak at lowest pack voltage?","Coordinate with PDU, inverter, charger, and battery terminals."
17,High voltage,Wiring,HV connectors and boots,as needed,"Touch-safe, keyed, sealed, serviceable","Prefer connectors used by selected components; avoid mixing connector families unnecessarily","Thunderstruck Motors connectors and wiring","https://www.thunderstruck-ev.com/",discovered,"Which connector family is available for battery, inverter, charger, and PDU?","Track crimp tooling as part of the BOM."
18,High voltage,Charging,Charge inlet,1,"J1772 first prototype target; NACS only after integration path is clear","Use EV conversion inlet with pilot/proximity documentation","Thunderstruck Motors chargers and accessories","https://www.thunderstruck-ev.com/",discovered,"Which onboard charger and EVCC expect J1772 pilot/proximity wiring?","Keep charge port placement clear of bed cargo abuse."
19,High voltage,Charging,Onboard charger,1,"120/240VAC Level 1/2, pack-voltage compatible, CAN or enable input","Use charger compatible with selected pack/BMS and charge inlet","Thunderstruck Motors chargers and accessories","https://www.thunderstruck-ev.com/",discovered,"What max charge voltage is allowed by selected battery and can it be limited below 430V?","Battery decision drives charger more than body design."
20,High voltage,Low-voltage supply,DC-DC converter,1,"300-430V input, 13.8-14.4V output, >=1.5-2 kW target","Use EV-rated converter with sealed connectors and enable/fault pins","Thunderstruck Motors DC-DC converters","https://www.thunderstruck-ev.com/dc-dc-converters/",discovered,"What 12V load budget is needed for lights, fan, wipers, radio, pumps, and controls?","Panasonic notes the DCDC is the bridge between HV battery and LV loads."
21,High voltage,BMS,BMS for custom/non-integrated pack,1,"400V pack support, CAN, contactor control, thermal inputs","Use pack-integrated BMS when possible; Orion only for custom pack path","Orion BMS 2","https://www.orionbms.com/products/orion-bms-standard/",alternate,"If custom pack is used, how many cells, taps, temperatures, and CAN messages are needed?","Current battery strategy prefers integrated BMS."
22,Controls,Vehicle control,VCU or supervisory controller,1,"Coordinates inverter, BMS, charger, DCDC, dash, fault states","Use supplier-provided VCU if buying turnkey powertrain; otherwise define open VCU later","Hypercraft EV products","https://hypercraftusa.com/products/",needs-datasheet,"Can selected motor/inverter operate with documented open CAN or supplied VCU?","Do not pick VCU before inverter protocol is known."
23,Controls,Instrumentation,EV gauge cluster or display,1,"SOC, speed, warnings, HV faults, coolant temp, drive state","Use CAN-ready EV gauges/dash compatible with Orion/AEM/Thunderstruck or custom CAN bridge","Speedhut Freedom CAN-Bus EV gauges","https://speedhut.com/categories/gauge-applications/freedom-ev-can-bus.html",discovered,"Which CAN data source is authoritative for SOC, speed, and critical warnings?","A simple cluster is better than a tablet-only prototype."
24,Controls,Instrumentation,Current/voltage sensor,1,"Bidirectional pack current and voltage for dash/logging","Use shunt or pack/BMS telemetry; avoid duplicate sensors unless needed","EV West instrumentation","https://evwest.com/instrumentation",discovered,"Does selected BMS/PDU already expose calibrated pack current and voltage?","Needed for range and fault logging."
25,Thermal,Coolant loop,Motor/inverter radiator,1,"Rejects motor/inverter heat at low road speed","Use compact automotive/UTV radiator or supplier kit","Hypercraft commercial powertrain example","https://hypercraftusa.com/commercial-powertrains/c570s/",discovered,"What heat rejection is required at continuous hill/load case?","Hypercraft bundles radiator and pump in some systems; copy that completeness."
26,Thermal,Coolant loop,Coolant pump,1-3,"Brushless 12V pumps sized to motor, inverter, battery loops","Prefer supplier-matched pump; otherwise source EV/motorsport pump","Thunderstruck Motors cooling/heating/pumps","https://www.thunderstruck-ev.com/",discovered,"What flow and pressure drop do motor, inverter, and battery require?","Bosch reference motor requires water-glycol flow per datasheet."
27,Thermal,Coolant loop,"Reservoir, bleeder, hoses, fittings",1 set,"Serviceable fill/bleed points and abrasion-safe routing","Use motorsport/industrial hose and clamps rated for coolant and temperature","McMaster-Carr pipe, tubing, hose, and fittings","https://www.mcmaster.com/",discovered,"Where are high points and service bleed points in cab-over packaging?","Small packaging errors here become miserable service work."
28,Thermal,Cabin heat/defrost,Electric heater or PTC unit,1,"Windshield defrost and cabin comfort without ICE coolant","Use EV PTC heater only after HV PDU capacity is reserved","Thunderstruck Motors cooling/heating/pumps","https://www.thunderstruck-ev.com/",discovered,"What heat output is required for defrost in target climates, and is HV or 12V better?","Defrost is a functional requirement if road use is pursued."
29,Low voltage,Electrical architecture,12V battery,1,"Small AGM or LiFePO4 buffer battery with safe charge profile","Use common powersports/automotive battery sized by LV load and DCDC behavior","Thunderstruck Motors EV components","https://www.thunderstruck-ev.com/",discovered,"What reserve time is needed for hazards, unlock, and shutdown sequence?","LV battery chemistry affects DCDC setpoint."
30,Low voltage,Electrical architecture,12V fuse/relay box,1,"Serviceable fused branches and labeled relays","Use sealed automotive fuse/relay module; document every circuit","McMaster-Carr electrical and lighting","https://www.mcmaster.com/",discovered,"How many fused circuits are needed for lighting, wipers, pumps, VCU, dash, radio, and fans?","Keep low-voltage service separate from HV service."
31,Low voltage,Wiring,Low-voltage harness,1,"Automotive wire, sealed connectors where exposed, labeled service loops","Build prototype harness from documented connector families; mature to loom drawings","McMaster-Carr electrical and lighting","https://www.mcmaster.com/",discovered,"Which connectors are common to lights, dash, VCU, sensors, and body harness?","Harness documentation should become a repo artifact later."
32,Body/cab,Reference catalog,Kei donor parts diagrams,1 reference set,"Exploded diagrams for body, glass, seats, belts, lights, steering, brakes","Use Honda Acty HA4 diagrams as the first whole-truck checklist baseline","Honda-Acty.com HA4 parts diagrams","https://honda-acty.com/parts-diagrams-ha4-honda-acty-1990-1999-models/",shortlisted,"Which donor generation best matches the target cab/bed proportions?","This is the strongest found example of a category-complete kei truck parts list."
33,Body/cab,Reference catalog,OEM/JDM parts catalog search,1 reference set,"Frame/model-specific part numbers and diagrams","Use Amayama, JP-CarParts, and EPC-data for cross-checking part names and assemblies","Amayama Suzuki Carry catalog","https://www.amayama.com/en/genuine-catalogs/epc/suzuki-japan/carry",discovered,"Which frame code should become the reference donor for geometry?","Good for part number discovery; availability must still be verified."
34,Body/cab,Reference catalog,Honda Acty EPC catalog,1 reference set,"Honda frame-code-specific parts lookup","Use to cross-check HA3/HA4/HA6/HA7 parts and diagrams","Honda EPC-data Acty Truck catalog","https://honda.epc-data.com/acty_truck/",discovered,"Which Acty frame has best fit to target cab, payload, and parts availability?","Useful companion to Honda-Acty.com diagrams."
35,Body/cab,Body panels,Cab shell panels and floor,1 set,"Simple sheet/tube cab structure; serviceable removable panels","Fabricate reference cab from sheet/tube; use donor diagrams for panel list","Honda Acty body diagrams","https://honda-acty.com/parts-diagrams-ha4-honda-acty-1990-1999-models/",discovered,"Which panels are structural versus bolt-on service panels?","Do not assume donor crashworthiness transfers to custom structure."
36,Body/cab,Body panels,Doors and hinges,2,"Latchable weather-sealed cab doors with serviceable glass","Use donor kei door hardware for first prototype or industrial hinges/latches for mule","McMaster-Carr door hardware","https://www.mcmaster.com/products/door-hardware/",discovered,"Can donor door latches, handles, regulators, and seals be sourced repeatably?","Door system includes hinges, check straps, handles, lock cylinders, striker plates, seals, and drains."
37,Body/cab,Body panels,Door handles and locks,1 set,"Exterior/interior handles, locks, striker plates","Use kei donor parts if using kei door geometry","Oiwa Garage kei truck parts","https://oiwagarage.co/",discovered,"Which handles are available new versus used, and can lock cylinders be keyed alike?","Include emergency interior release behavior in design."
38,Body/cab,Glass,Windshield,1,"DOT-marked laminated automotive glass if road use is pursued","Use existing kei windshield for prototype geometry or commission custom laminated glass","Auto Glass Japan Honda Acty windshields","https://autoglassjapan.com/category/honda/acty/",discovered,"Which windshield model gives best size/curvature and is available in the U.S. or export channel?","Honda Acty examples are listed around the target kei scale."
39,Body/cab,Glass,Suzuki Carry windshield alternate,1,"DOT-marked laminated automotive glass if road use is pursued","Use Carry glass if Suzuki cab proportions become reference","Auto Glass Japan Suzuki Carry windshields","https://autoglassjapan.com/category/suzuki/carry/",alternate,"Does Carry glass better match desired cab width and rake?","Glass often drives cab tooling decisions."
40,Body/cab,Glass,Custom laminated windshield path,1,"Prototype/custom glass with automotive safety documentation","Commission only after cab opening is frozen","Custom Glass Solutions laminated glass","https://www.customglasssolutions.com/laminated-glass-solutions/",alternate,"What tooling, minimum order, DOT mark, and lead time apply for custom windshield glass?","Custom glass is high leverage but can become expensive quickly."
41,Body/cab,Glass,Prototype/concept automotive glass path,1,"Complex laminated or tempered prototype glass","Use for concept/prototype if OEM kei glass does not fit","Metalcrafters glass fabrications","https://metalcrafters.com/glass-fabrications",alternate,"Can they produce small-run DOT-marked automotive glazing for a new vehicle?","Reserve for later design phase."
42,Body/cab,Glass,Door glass and rear glass,1 set,"Tempered side/rear glass or approved equivalent","Use minitruck replacement glass where geometry fits; custom later","Minitrucks.net body and glass","https://minitrucks.net/collections/body-glass",discovered,"Which door/rear glass sizes are stocked and what markings/certifications are present?","Include regulators, channels, run seals, and weatherstrips."
43,Body/cab,Weather sealing,Door/window weatherstrip and gaskets,1 set,"Water management, low wind noise, serviceable seals","Use donor seals for donor geometry; industrial push-on seals for flat panels","McMaster-Carr weatherstripping","https://www.mcmaster.com/products/weatherstripping/",discovered,"Which seals are automotive-weather suitable and compatible with paint and glass thickness?","Design doors around available seals, not the other way around."
44,Cargo bed,Bed structure,Metal bed floor,1,"Kei-scale flat bed, corrosion protected, tie-down capable","Fabricate from steel/aluminum sheet and formed ribs; use donor dimensions as reference","Online Metals raw materials","https://www.onlinemetals.com/",discovered,"Steel or aluminum for v0.1, and what gauge balances payload, cost, and corrosion?","Metal bed should be bolt-on/removable for pack and rear drivetrain service."
45,Cargo bed,Bed structure,Drop-side panels,2,"Fold-down side gates with latch and removable/repairable skins","Fabricate flat panels; use Suzuki/Honda latch patterns as inspiration","Honda Acty rear floor and gate diagrams","https://honda-acty.com/parts-diagrams-ha4-honda-acty-1990-1999-models/",discovered,"What bed side height and latch position are ergonomic for loading?","Replicate kei utility behavior rather than pickup-truck styling."
46,Cargo bed,Bed structure,Tailgate,1,"Fold-down tailgate with chains/cables and serviceable latch","Fabricate panel; source latches/hinges from mini-truck or truck-body suppliers","Mini4x4 body and interior parts","https://mini4x4.ca/store/en/body-and-interior-c74/?page=2",discovered,"Which tailgate latch/hinge family is available new and has acceptable load rating?","Mini4x4 lists Suzuki side/tailgate handles and bed hinge pieces."
47,Cargo bed,Bed hardware,Bed hinges,6+,"Drop-side and tailgate hinges, corrosion resistant","Use OEM-style kei hinges if geometry matches; otherwise truck/trailer hinges","McMaster-Carr truck hinges","https://www.mcmaster.com/products/truck-hinges/",discovered,"What hinge pin diameter, material, and service access are needed?","Avoid hidden hinges that trap dirt or cannot be replaced."
48,Cargo bed,Bed hardware,Gate latches and handles,6+,"Positive latch, easy glove operation, no accidental release","Use kei replacement latches first; industrial tailgate latches for custom panels","Mini4x4 body and interior parts","https://mini4x4.ca/store/en/body-and-interior-c74/?page=2",discovered,"Are latch bolt spacing and load ratings documented?","Suzuki Carry side/tailgate handles are a useful first pattern."
49,Cargo bed,Bed hardware,Tailgate chains/cables,2,"Limit tailgate opening and support light cargo while open","Use OEM kei chains if available or truck body cable supports","Buyers Products truck and trailer hardware","https://www.buyersproducts.com/catalog/truck-and-trailer-hardware-14?page=3",discovered,"What open-tailgate load case should be supported?","Include protective sleeves to avoid paint wear."
50,Cargo bed,Bed hardware,Stake pockets and tie-downs,as needed,"Cargo restraint points; bed accessory compatibility","Use truck-body hardware and weld/bolt-on pockets","Buyers Products truck and trailer hardware","https://www.buyersproducts.com/catalog/truck-and-trailer-hardware-14?page=3",discovered,"What tie-down load rating and spacing are required?","Bed accessories should be modular and replaceable."
51,Cargo bed,Bed protection,Rubber gate/bed protectors,1 set,"Protect high-wear bed rail and gate contact points","Use universal kei gate protectors or cut sheet rubber","Oiwa Garage rubber gate protectors","https://oiwagarage.co/products/rubber-gate-protectors-for-kei-trucks-daihatsu-suzuki-honda-mitsubishi-subaru-mazda-nissan",discovered,"Do protectors fit custom bed geometry or should we design a generic trim section?","Good low-cost wear item for work use."
52,Fabrication,Raw materials,Steel/aluminum tube and sheet,as needed,"Standard rectangular tube, sheet, tab-and-slot brackets","Use common stock sizes available from multiple suppliers","Online Metals raw materials","https://www.onlinemetals.com/",shortlisted,"Which minimum material catalog should the chassis standardize on?","Repo scope already prefers standard tube and sheet."
53,Fabrication,Fabrication services,Laser-cut sheet brackets and tabs,as needed,"DXF/STEP-driven repeatable plates and brackets","Use SendCutSend or similar for prototype tab-and-slot parts","SendCutSend tab and slot resources","https://sendcutsend.com/blog/tag/tab-and-slots/",shortlisted,"What tolerances and bend radii are needed for self-fixturing brackets?","Good fit for open-source repeatability."
54,Fabrication,Fabrication services,Laser tube cutting,as needed,"Repeatable chassis/bed tube cuts and slots","Use Xometry or local tube laser once CAD is stable","Xometry laser tube cutting","https://www.xometry.com/capabilities/laser-tube-cutting-services/",alternate,"Is cost acceptable versus simple saw/notch fabrication for community builds?","Use only where it improves repeatability enough to justify cost."
55,Fabrication,Design tools,Tube chassis fabrication software,1 optional,"Chassis/tube design, cut lists, bend data","Use only if tube chassis gets complex; CAD should remain exportable","Bend-Tech PRO","https://www.bend-tech.com/pro-software/",alternate,"Does the project need Bend-Tech-specific files or can STEP/DXF cover contributors?","Avoid locking open-source users into a paid tool."
56,Lighting,Required lighting,Headlamps,2,"FMVSS/DOT compliant if road use; durable 12V lamps","Use DOT sealed/LED units or OEM kei lamps only after compliance check","Buyers Products DOT truck and trailer lights","https://www.buyersproducts.com/catalog/lighting-5/dot-truck-and-trailer-336",discovered,"What lamp size/beam pattern fits the cab and target regulatory path?","Lighting placement needs FMVSS review before final body holes."
57,Lighting,Required lighting,Front turn signals/blinkers,2,"Amber, visible, hazard compatible","Use OEM kei assemblies or DOT universal lamps","Mini4x4 electrical and lighting","https://mini4x4.ca/store/en/electrical-and-lighting-c67/?limit=25&order=ASC&page=2&sort=pd.name",discovered,"Which lamp assemblies are available left/right and what connector do they use?","Mini4x4 lists Suzuki front turn signal kits and rear lamp assemblies."
58,Lighting,Required lighting,Side marker/clearance lamps and reflectors,as needed,"FMVSS path dependent, red/amber as required","Use DOT truck/trailer lamps and reflectors","Super Bright LEDs commercial truck/trailer lights","https://www.superbrightleds.com/vehicle-lights/commercial-truck-trailer-lights/truck-lights-lamps",discovered,"What exact reflector/lamp count is required for LSV versus full truck path?","Do not rely on styling lamps for compliance."
59,Lighting,Required lighting,Tail/stop/turn lamps,2,"Red stop/tail/turn, sealed, 12V","Use DOT universal truck lamps or kei replacement lamps","Truck-Lite 91244R example","https://www.unityparts.com/91244r-truck-lite-led-7-stop-turn-tail-light/",discovered,"Round/oval/kei-OEM packaging, and what connector/pigtail should be standardized?","Truck-Lite example lists FMVSS/CMVSS/DOT/SAE compliance family."
60,Lighting,Required lighting,Reverse lamps,1-2,"White reverse signal, sealed, 12V","Use DOT/commercial truck lamps","Buyers Products DOT truck and trailer lights","https://www.buyersproducts.com/catalog/lighting-5/dot-truck-and-trailer-336",discovered,"Is reverse lamp required for target classification and what switch source triggers it?","VCU gear state can drive reverse lamps."
61,Lighting,Required lighting,License plate lamp,1,"White plate illumination","Use DOT trailer/truck license lamp","Buyers Products DOT truck and trailer lights","https://www.buyersproducts.com/catalog/lighting-5/dot-truck-and-trailer-336",discovered,"Where does plate mount without conflicting with tailgate?","Include service access to bulb/connector."
62,Lighting,Controls,Hazard switch and flasher relay,1,"LED-compatible, 12V, visible telltale","Use automotive switch/relay compatible with selected lamps","Mini4x4 electrical and lighting","https://mini4x4.ca/store/en/electrical-and-lighting-c67/?limit=25&order=ASC&page=2&sort=pd.name",discovered,"Will the system use a conventional flasher, body controller, or VCU output?","LED lamps may require compatible relay or electronic body control."
63,Lighting,Required audible warning,Horn,1,"12V road horn, fused relay","Use universal automotive horn or donor kei horn","Honda Acty electrical diagrams","https://honda-acty.com/parts-diagrams-ha4-honda-acty-1990-1999-models/",discovered,"Where is horn protected from water but acoustically effective?","Acty diagrams include horn and relay category."
64,Visibility,Wipers,Windshield wiper motor/linkage/arms,1 set,"Two-speed or intermittent preferred; clears selected windshield","Use donor kei wiper system if windshield geometry matches","Yokohama Motors Suzuki DA62T/DA63T parts","https://yokohamamotors.net/page65.html",discovered,"Which motor/linkage works with chosen windshield width and cowl packaging?","Yokohama lists Suzuki wiper linkage and motor examples."
65,Visibility,Washer system,Washer tank/pump/nozzles,1 set,"12V washer pump and serviceable reservoir","Use donor kei or universal compact washer kit","Honda Acty electrical diagrams","https://honda-acty.com/parts-diagrams-ha4-honda-acty-1990-1999-models/",discovered,"Where can reservoir be filled without tilting cab or removing cargo?","Defrost/visibility path includes washers."
66,Visibility,Mirrors,Exterior mirrors,2,"Road-use visibility; foldaway preferred","Use kei replacement mirrors or universal commercial mirrors","Minitrucks.net body and glass","https://minitrucks.net/collections/body-glass",discovered,"Which mirror stalks fit the door/A-pillar design and provide rear visibility?","Minitrucks.net lists Suzuki and Daihatsu mirror examples."
67,Interior,Seats,Driver and passenger seats,2,"Compact, durable, low H-point, serviceable upholstery","Use compact off-road/commercial seats or donor kei seats after mounting review","PRP Seats","https://www.prpseats.com/",discovered,"What seat width, slider travel, head restraint, and mounting strength are required?","Do not assume aftermarket off-road seats satisfy road-use requirements."
68,Interior,Seats,Commercial seating alternate,2,"FMVSS-oriented commercial seating path if road certification is pursued","Ask commercial seat supplier about narrow cab-compatible seats","Freedman Seating","https://freedmanseating.com/",alternate,"Can any seat fit kei-width packaging and provide compliance documentation?","Likely more expensive but stronger evidence path."
69,Interior,Seat belts,3-point seat belts,2,"FMVSS 209 belts; anchorages designed/tested separately","Use FMVSS-labeled belts and design anchors to applicable requirements","Wesco Performance retractable seat belts","https://www.wescoperformance.com/resebe.html",discovered,"Which belt length/retractor orientation fits the cab and where are upper anchors located?","Seat belt assembly compliance is not the same as vehicle anchorage compliance."
70,Interior,Seat belts,Seat belt regulatory reference,1 reference,"FMVSS 209 for belt assemblies","Use eCFR as requirement source","eCFR 49 CFR 571.209","https://www.ecfr.gov/current/title-49/subtitle-B/chapter-V/part-571/subpart-B/section-571.209",shortlisted,"Which additional standards apply to anchorages, seats, and head restraints for chosen vehicle path?","Track as compliance resource, not a supplier."
71,Interior,Steering,Steering wheel,1,"Compact wheel, horn integration, ergonomic reach","Use donor kei wheel/column or aftermarket wheel with compatible boss","Honda Acty steering wheel search baseline","https://www.ebay.com/shop/honda-acty-steering-wheel?_nkw=honda+acty+steering+wheel",discovered,"Which hub spline/column is selected and how is horn/airbag absence handled?","Marketplace listings are unverified but show donor availability."
72,Interior,Steering,Steering column and intermediate shaft,1,"Collapsible strategy, U-joints, firewall bearing, serviceable mounts","Use donor kei column for mule; engineer final collapsibility after regulatory path is clear","Honda Acty parts diagrams","https://honda-acty.com/parts-diagrams-ha4-honda-acty-1990-1999-models/",discovered,"Does target path require collapsible column testing or documentation?","Steering column is safety-critical; avoid casual parts-bin swaps."
73,Interior,Steering,Steering rack and tie rods,1 set,"Manual rack first; geometry-matched width and travel","Use kei replacement rack if suspension geometry follows donor dimensions","Mini4x4 steering parts","https://mini4x4.ca/store/en/steering-c66/",discovered,"Which rack length, travel, ratio, and inner pivot spacing match final suspension?","Mini4x4 lists Suzuki racks, tie rods, boots, and drag rods."
74,Interior,Steering,Custom rack alternate,1,"Custom rack dimensions if donor rack geometry fails","Use motorsport supplier only after geometry is calculated","Woodward Steering","https://www.woodwardsteering.com/",alternate,"What rack length, pinion angle, ratio, and load rating are needed?","Good technical path but less accessible than common donor parts."
75,Interior,Dashboard,Instrument panel and controls,1,"Simple serviceable dash, switch labels, telltales, fuse access","Use Acty dash categories as checklist; fabricate simple panel","Honda Acty equipment diagrams","https://honda-acty.com/parts-diagrams-ha4-honda-acty-1990-1999-models/",discovered,"Which controls/telltales are mandatory for chosen regulatory path?","Include drive selector, charge indicator, hazard, defrost, wiper, lights, and HV fault."
76,Interior,Radio,Single-DIN radio,1,"12V Bluetooth/FM, compact, optional weather-resistant","Use simple single-DIN head unit; marine unit if cab is work/washdown oriented","Kenwood marine/motorsports audio","https://www.kenwood.com/usa/car/marine/",discovered,"Is radio required in base BOM or optional accessory?","User asked for radio; keep it low-priority and modular."
77,Interior,Radio,Speakers and antenna,1 set,"Small sealed speakers and hidden/roof antenna","Use marine/UTV audio parts or donor kei speaker openings","MarineStereo single-DIN radios","https://www.marinestereo.com/category/din-size-boat-radios.html",discovered,"Where do speakers fit without stealing knee room or door water paths?","Radio should not complicate the electrical architecture."
78,Interior,Trim,"Floor mat, insulation, headliner, sun visors",1 set,"Durable work-truck trim, removable floor","Use donor patterns for checklist; fabricate simple washable trim","Honda Acty equipment diagrams","https://honda-acty.com/parts-diagrams-ha4-honda-acty-1990-1999-models/",discovered,"What trim is required for noise, heat, and occupant contact safety?","Keep prototype trim simple but do not ignore sharp-edge protection."
79,Brakes,Service brakes,Brake pedal and master cylinder,1,"Manual or boosted hydraulic system sized for vehicle mass","Use donor kei pedal/master for mule; re-size after final mass and tire radius","Honda Acty brake diagrams","https://honda-acty.com/parts-diagrams-ha4-honda-acty-1990-1999-models/",discovered,"What pedal ratio, bore size, and front/rear bias suit EV mass distribution?","Regenerative braking does not replace service brakes."
80,Brakes,Service brakes,Front brake assemblies,2,"Disc brakes preferred, service parts available","Use donor kei or compact car/UTV hubs/brakes after load review","Gold Star Parts mini truck parts","https://www.goldstarparts.com/",discovered,"Which rotor/caliper/pad family is available and rated for target mass?","Gold Star specializes in mini-truck brakes and related parts."
81,Brakes,Service brakes,Rear brake assemblies,2,"Drum or disc, parking brake integration","Use donor rear axle brakes if using donor axle","Honda Acty steering/brake/suspension diagrams","https://honda-acty.com/parts-diagrams-ha4-honda-acty-1990-1999-models/",discovered,"Does selected rear axle provide a simple parking brake path?","Parking brake compatibility may decide rear brake strategy."
82,Brakes,Hydraulics,"Brake lines, hoses, proportioning valve",1 set,"DOT-compatible hard lines/flex lines, service loops","Use standard automotive brake plumbing and documented flare/fitting sizes","Honda Acty brake diagrams","https://honda-acty.com/parts-diagrams-ha4-honda-acty-1990-1999-models/",discovered,"What flare standard and fitting family should the project standardize?","Document routing away from HV and abrasion zones."
83,Brakes,Parking brake,Parking brake lever/cables,1 set,"Mechanical hold on grade; serviceable cable path","Use donor rear brake cables if axle is donor; custom cables later","Honda Acty brake diagrams","https://honda-acty.com/parts-diagrams-ha4-honda-acty-1990-1999-models/",discovered,"What grade-hold requirement and cable routing apply?","Include adjustment access."
84,Suspension,Front suspension,Control arms/struts/springs,1 set,"Simple geometry, serviceable bushings and ball joints","Use donor kei front suspension for first rolling mule or fabricate around common service parts","Honda Acty suspension diagrams","https://honda-acty.com/parts-diagrams-ha4-honda-acty-1990-1999-models/",discovered,"Which donor has easiest parts availability and compatible track width?","Suspension choice drives rack, brakes, wheels, and cab floor packaging."
85,Suspension,Rear suspension,Rear springs/dampers/links,1 set,"Payload-capable, simple mounts, predictable handling","Use donor live axle springs/dampers or fabricate leaf/coil mounts","Gold Star Parts mini truck parts","https://www.goldstarparts.com/",discovered,"Target payload and rear pack placement determine spring rate.","Do not pick springs before battery/bed mass is estimated."
86,Suspension,Service parts,"Bushings, ball joints, bearings, seals",1 set,"Replaceable wear items with part numbers","Favor donor components stocked by kei suppliers","Oiwa Garage kei truck parts","https://oiwagarage.co/",discovered,"Which wear parts are available new in the U.S. or by reliable import?","A clever suspension is a bad open-source choice if wear parts are obscure."
87,Wheels/tires,Wheels,Wheels,4 plus spare,"Common bolt pattern, load-rated, brake clearance","Use donor bolt pattern initially; final wheels must meet load and regulatory path","G&R Imports Daihatsu parts example","https://www.grimports.com/daihatsu-parts",discovered,"What bolt pattern, offset, center bore, load rating, and tire clearance are required?","Track spare tire storage early."
88,Wheels/tires,Tires,Tires,4 plus spare,"DOT road tires if road use; payload/load index documented","Use common small truck/passenger tire sizes rather than obscure ATV-only sizes","Gold Star Parts mini truck parts","https://www.goldstarparts.com/",discovered,"Which tire size balances load, gearing, brake clearance, and replacement availability?","Avoid off-road-only tire assumptions for a public-road path."
89,Compliance,Regulatory path,Low-speed vehicle equipment checklist,1 reference,"If LSV path is chosen: speed and equipment requirements from FMVSS 500","Use eCFR as authoritative baseline and state-by-state registration later","eCFR 49 CFR 571.500","https://www.ecfr.gov/current/title-49/subtitle-B/chapter-V/part-571/subpart-B/section-571.500",shortlisted,"Is the first public-road target LSV, off-road utility, kit, or full truck?","FMVSS 500 has required lamps, mirrors, reflectors, windshield, belts, VIN, and more."
90,Compliance,Lighting standard,Lamps and reflective devices,1 reference,"FMVSS 108 reference for road-use lighting","Use DOT/SAE lamps and confirm placement requirements","eCFR 49 CFR 571.108","https://www.ecfr.gov/current/title-49/subtitle-B/chapter-V/part-571/subpart-B/section-571.108",shortlisted,"Which requirements apply for selected vehicle classification?","This should drive lamp placement, not styling alone."
91,Compliance,Glazing standard,Automotive glazing evidence,1 reference,"DOT-marked glazing and supplier documentation","Require markings/documentation from glass source","NHTSA manufacturer handbook","https://vpic.nhtsa.dot.gov/documents/ManufacturerHandbook.pdf",discovered,"What glazing markings and certification evidence are needed for the chosen path?","Handbook notes DOT markings and manufacturer codes for glazing."
92,Compliance,Manufacturer path,VIN/manufacturer registration,1 reference,"Part 565 VIN and manufacturer portal workflow","Track only if project becomes a manufacturer rather than prototype design","NHTSA vPIC FAQ","https://vpic.nhtsa.dot.gov/mfrportal/home/faq",discovered,"Who would be the manufacturer of record for any road vehicle?","Legal path is explicitly not frozen in docs/01-vehicle-requirements.md."
93,Parts suppliers,Kei supplier,Honda Acty parts source,1 source,"Replacement parts, diagrams, model-specific categories","Use for Acty donor research and exact assembly names","Honda-Acty.com","https://honda-acty.com/",shortlisted,"Can they supply body, glass, steering, lighting, seat, and belt items in quantity or only maintenance parts?","Strong Acty-specific resource."
94,Parts suppliers,Kei supplier,Suzuki Carry parts source,1 source,"DA/DB Carry parts, manuals, electrical diagrams","Use for Suzuki donor research and replacement part pricing","Yokohama Motors Suzuki DA52T/DB52T parts","https://yokohamamotors.net/page63.html",shortlisted,"Can they quote body/bed hardware and manuals for a reference donor generation?","Yokohama also lists DA62T/DA63T parts."
95,Parts suppliers,Kei supplier,General Japanese mini-truck parts source,1 source,"Parts across Suzuki, Daihatsu, Honda, Subaru, Mitsubishi","Use as cross-model availability check","Yokohama Motors main site","https://yokohamamotors.net/",shortlisted,"Which models have the broadest new OEM/aftermarket body and mechanical part support?","Claims long-running JDM mini-truck parts export experience."
96,Parts suppliers,Kei supplier,North American kei parts/accessories source,1 source,"Body, glass, accessories, upgrades, mirrors","Use for U.S. shipping and practical replacement-part availability","Minitrucks.net parts","https://minitrucks.net/collections/parts",discovered,"Which products are OEM replacement versus accessory/off-road only?","Good source for body/glass and accessory categories."
97,Parts suppliers,Kei supplier,Canadian/US kei parts source,1 source,"Suzuki lighting, steering, body and bed hardware","Use for visible pricing and fitment notes","Mini4x4.ca store","https://mini4x4.ca/store/en",shortlisted,"Can they provide bulk quote and fitment drawings for bed/lamp/steering components?","Useful for blinkers, tail lamps, latches, hinges, and steering pieces."
98,Parts suppliers,Kei supplier,Mini-truck brakes/suspension source,1 source,"Brakes, lift kits, bumpers, filters, belts, suspension","Use for wear part availability cross-check","Gold Star Parts","https://www.goldstarparts.com/",discovered,"Which brake/suspension parts are highway appropriate versus off-road only?","Watch supplier off-road disclaimers."
99,Parts suppliers,Industrial supplier,Hardware and standard parts source,1 source,"Fasteners, hinges, latches, seals, tubing, fittings","Use for repeatable non-automotive standard hardware","McMaster-Carr","https://www.mcmaster.com/",shortlisted,"Which parts have adequate material, load, corrosion, and temperature ratings?","Excellent for prototypes, but not a substitute for automotive validation."
100,Parts suppliers,Truck-body supplier,Truck/trailer lighting and hardware source,1 source,"Hinges, latches, stake hardware, DOT lamps","Use for bed hardware and lighting standards","Buyers Products","https://www.buyersproducts.com/",shortlisted,"Can product drawings/CAD and load ratings be attached to BOM items?","Good fit for work-truck bed hardware."
101,Powertrain,Traction drive,Nissan Leaf EM57 drive unit,1,"80 kW/254 Nm for 2013-2017 AZE0; later ZE1 units support 110 kW or 160 kW depending inverter/year","Use as primary affordable OEM salvage candidate with Thunderstruck or Resolve-EV control path","Thunderstruck Nissan Leaf Drive System","https://www.thunderstruck-ev.com/nissan-leaf-drive-system-used.html",shortlisted,"Which Leaf generation gives best cost, control support, voltage compatibility, and rear/IRS packaging for the kei truck?","Strongest current practical alternative to Bosch because motor, inverter, reduction drive, differential, and VCU support can be sourced as a system."
102,Powertrain,Traction drive,Chevrolet Bolt EV drive unit,1,"150 kW/360 Nm, permanent-magnet drive unit, ~350V-class donor vehicle","Use as high-power salvage alternate only after controller path is proven","GM Authority Chevrolet Bolt EV specs","https://gmauthority.com/blog/gm/chevrolet/bolt-ev/2021-chevrolet-bolt-ev/",alternate,"Is there a repeatable controller/inverter path, and can the drive unit be packaged without overpowering the reference truck?","Attractive power-per-dollar, but currently less boring/repeatable than Leaf for open-source conversion."
103,Powertrain,Traction drive,NetGain HyPer 9 HV kit,1,"144V-class SRIPM kit; ~38-39 kW 60-min, ~90-95 kW 2-min peak","Use as lower-voltage DIY alternate if the project creates a reduced-power mule branch","NetGain HyPer 9 official specs","https://www.go-ev.com/motors-hyper.html",alternate,"Would a 90-180V architecture be accepted for a prototype, or does it conflict too much with the 300-430V battery target?","Good DIY ecosystem and regen support, but lower continuous power and lower voltage than the current reference architecture."
104,Powertrain,Traction drive,HPEVS AC-50 / AC-51 kit,1,"72-144V AC kit family; AC-50 listed at 71 hp / 120 ft-lb","Use as lightweight low-voltage mule candidate, not full reference truck","HPEVS AC-50/AC-51 motor systems","https://www.hpevs.com/hpevs-ac-electric-motors-ac50-ac51-for-automotive-mining-utility-ground-support-vehicles.htm",prototype-only,"What reduced vehicle mass, speed, grade, and payload assumptions would make AC-50/AC-51 acceptable?","Useful for very low-speed/simple prototype work; likely below full utility-truck target."
105,Powertrain,Traction drive,NetGain WarP 9 brushed DC motor,1,"Series-wound brushed DC; listed 32 hp, 70 ft-lb, 5500 rpm, 165 lb","Keep as DC-motor comparison/prototype-only candidate","Thunderstruck NetGain WarP 9 listing","https://www.thunderstruck-ev.com/warp-9-en.html",prototype-only,"Is brushed DC ever acceptable for a repo branch, and what safety/maintenance caveats must be documented?","Real and purchasable, but not up to the main reference architecture: brushes, high current, lower voltage, limited regen/control polish."
106,Powertrain,Traction drive,D&D ES-31B brushed DC motor,1,"72-120V series DC motor for small/medium cars; reseller claims up to 62 hp peak with 120V/550A controller","Keep as budget brushed-DC comparison only","D&D Motor Systems ES-31B listing","https://ddmotorsystems.com/ChooseAMotorPage3.php?Checkout=YES&From=CrossRefList&Item=Motor&Market=Golf_Cart&Motor=170-015-0004&RecID=527&optTarget=ES-31B&optType=Motor",prototype-only,"Can it meet even a reduced kei-truck payload/speed requirement without excessive heat/current?","Better understood as a low-speed/low-cost DC baseline than a serious full-truck candidate."
